Price,Close,High,Low,Open,Volume,MA_7,MA_30
Ticker,AAPL,AAPL,AAPL,AAPL,AAPL,,
Date,,,,,,,
2023-01-03,123.33065032958984,129.07956676089162,122.44316513126005,128.4681939201586,112117500,,
2023-01-04,124.60269165039062,126.87070818781424,123.34049402108371,125.12531965096696,89113600,,
2023-01-05,123.28134155273438,125.99309725880703,123.02496279365805,125.36199835089351,80962700,,
2023-01-06,127.81735229492188,128.47803270861587,123.15313725839339,124.25756397513359,87754700,,
2023-01-09,128.33998107910156,131.55465346679887,128.08360234953716,128.65553802002677,70790800,,
2023-01-10,128.9119110107422,129.43453900512318,126.33820813140562,128.44844617850507,63896200,,
2023-01-11,131.63352966308594,131.65324068500396,128.64566976510943,129.42467643515656,69458900,126.84535108293805,
2023-01-12,131.55465698242188,132.3928269168101,129.61205277186403,132.0181218476768,71379600,128.02020917619978,
2023-01-13,132.88587951660156,133.04365799858422,129.82900042275443,130.19384999657817,57809700,129.20352172851562,
2023-01-17,134.04949951171875,135.38071617959397,132.26467339365607,132.95493555995287,63646600,130.74183000837053,
2023-01-18,133.32960510253906,136.68231437744225,133.15210058630623,134.91721500516473,69672800,131.52929469517298,
2023-01-19,133.38880920410156,134.3551761664197,131.90966964997585,132.21535608370812,58280400,132.25055585588728,
2023-01-20,135.95263671875,136.10055969629155,132.3534032973474,133.3986594670003,80223600,133.2563738141741,
2023-01-23,139.1475830078125,141.32685514540398,135.9822178760608,136.19915953850284,81760300,134.3298100062779,
2023-01-24,140.5478057861328,141.169049065949,138.34882305195495,138.35867856319985,66435100,135.61454554966517,
2023-01-25,139.88717651367188,140.4492417915874,136.87958936131886,138.93066494314343,65799300,136.61473083496094,
2023-01-26,141.95794677734375,142.24390711048304,139.9265826744515,141.17892492583348,54105100,137.74450901576452,
2023-01-27,143.90052795410156,145.18245171809102,141.09017225065355,141.16906148730033,70555800,139.25464085170202,
2023-01-30,141.01129150390625,143.5258315295515,140.863383580403,142.94404030165967,64015300,140.34356689453125,
2023-01-31,142.28335571289062,142.3326633733732,140.30131415280843,140.71547141700836,65874500,141.24795532226562,
2023-02-01,143.4075164794922,144.571114195543,139.3546881653997,141.967828937729,77663600,141.8565172467913,
2023-02-02,148.72256469726562,149.07754375931228,146.10940902226113,146.82925275349945,118339000,143.0243399483817,
2023-02-03,152.35134887695312,155.1913011660709,145.77411121969988,145.97132678498124,154357300,144.804936000279,
2023-02-06,149.61985778808594,150.97081516891853,148.68307262827912,150.44818718355526,69858300,145.89949471609933,
2023-02-07,152.499267578125,153.07120329051187,148.54504029445562,148.54504029445562,83322600,147.12788609095983,
2023-02-08,149.8072509765625,152.4302620416696,149.06768120571854,151.73999993153234,64120100,148.38445172991072,
2023-02-09,148.77182006835938,152.1837078719676,148.3280813053058,151.64135380753217,56007100,149.3113752092634,
2023-02-10,149.1372528076172,149.46316214008027,147.3694580195322,147.60648709847575,57450700,150.1299089704241,
2023-02-13,151.94203186035156,152.34693578344766,149.04836048379,149.07798723256394,62199000,150.58983285086495,
2023-02-14,151.30010986328125,151.86304832604316,148.98913264360064,150.23350151506878,61707600,150.43965584891183,139.1791084289551
2023-02-15,153.40365600585938,153.57154591974012,150.98404302296422,151.21118642767874,65573800,150.9801984514509,140.1815419514974
2023-02-16,151.8037872314453,154.39129073768956,151.44825113314346,151.6062554560653,68167900,150.88084411621094,141.08824513753254
2023-02-17,150.65817260742188,151.10258897284194,148.97925796607987,150.46065589718617,59144100,151.00240434919084,142.0008061726888
2023-02-21,146.6386260986328,149.4236611977066,146.56950203742764,148.33729678255915,58867200,150.69766235351562,142.62818196614583
2023-02-22,147.06329345703125,148.09038924690807,145.33499611487431,147.0237810788301,51011300,150.40138244628906,143.25229237874348
2023-02-23,147.54722595214844,148.47557105445037,145.41402441253163,148.22867140254277,48394200,149.77355303083147,143.87346954345702
2023-02-24,144.890625,145.36466819935794,143.91289677361027,145.28565848787133,55469600,148.85791233607702,144.31537272135418
2023-02-27,146.0855712890625,147.32006943922315,145.6213987790375,145.8781840387877,44998500,147.8124716622489,144.79973653157552
2023-02-28,145.5819091796875,147.2311969873109,145.0091001993268,145.2263730908277,50547000,146.9236319405692,145.22293752034506
2023-03-01,143.50791931152344,145.4041064076396,143.21163678129003,145.00907308036537,55479000,145.90216718401228,145.53821818033853
2023-03-02,144.10052490234375,144.89060684866965,142.11544194013547,142.58950014966683,52238100,145.53958129882812,145.89724884033203
2023-03-03,149.15701293945312,149.236022634522,145.50290119247913,146.20408774818284,70732300,145.83868408203125,146.42285563151043
2023-03-06,151.9222869873047,154.36165661510182,151.55688034550414,151.88277460629178,87558000,146.46369280133928,146.9551773071289
2023-03-07,149.719970703125,152.11982833887177,149.25579810311828,151.79391895570362,56182000,147.15359933035714,147.30759023030598
2023-03-08,150.97418212890625,151.56674727343432,149.9470862905562,150.91492862836495,47204800,147.85197230747767,147.65513610839844
2023-03-09,148.72247314453125,152.62348469471294,148.36693703717327,151.65564226284476,53833600,148.30062430245536,147.94964599609375
2023-03-10,146.6584014892578,149.06814463866203,145.77943928176788,148.3472018339828,68572400,148.75069318498885,148.10632781982423
2023-03-13,148.6039581298828,151.2408445051467,145.86830586973156,145.97694231528436,84457100,149.39404078892298,148.2631088256836
2023-03-14,150.69761657714844,151.49756876564638,148.2385065265146,149.40386525307858,73695900,149.61412702287947,148.585986328125
2023-03-15,151.09271240234375,151.34948260848185,148.06077752387876,149.31503194180715,77167900,149.49561636788505,148.87963155110677
2023-03-16,153.91725158691406,154.51968735037045,149.7594547490333,150.27301025301884,76161100,150.09522792271204,149.2299560546875
2023-03-17,153.0778045654297,154.79623179656093,152.3667322676899,154.14441301203934,98944600,150.39574541364397,149.37513071695963
2023-03-20,155.447998046875,155.8628026785515,152.23830291826783,153.14690680049927,73641400,151.35653468540735,149.47835235595704
2023-03-21,157.3046875,157.4231944974596,154.59866219140062,155.36900288355957,73938300,152.87743268694197,149.73451334635416
2023-03-22,155.8726806640625,160.12922799549253,155.85292447362312,157.32445173541882,75701800,153.9158216203962,149.84696044921876
2023-03-23,156.95904541015625,159.54656410725272,155.72454710395584,156.86029458739586,67622100,154.81031145368303,150.0853535970052
2023-03-24,158.26266479492188,158.35154504613158,155.8924343453171,156.88990343786057,59196500,155.8345903669085,150.40171508789064
2023-03-27,156.31707763671875,158.7762031421057,155.91215866543004,157.95649464031004,52390300,156.17742265973772,150.64104258219402
2023-03-28,155.69491577148438,156.5245100617194,154.04562789125012,156.0109545619661,45992200,156.5512956891741,150.7661387125651
2023-03-29,158.77621459960938,159.0527409732352,157.37382654206215,157.39356766192319,51305700,157.0267551967076,151.01534220377604
2023-03-30,160.3465118408203,160.45514829132492,159.27003296644855,159.5268031814781,49501700,157.46130153111048,151.24677073160808
2023-03-31,162.85498046875,162.95374634284104,159.9020707098414,160.42549668949934,68749800,158.45877293178015,151.61514383951823
2023-04-03,164.10923767089844,164.22774466628186,162.18342364813336,162.23280658606208,56976200,159.480228969029,152.06351267496746
2023-04-04,163.57595825195312,164.77094409936112,163.06240276891677,164.53393008377392,46278300,160.23927089146204,152.62809041341146
2023-04-05,161.72914123535156,163.00315186770885,159.79345641920935,162.69699871298138,51511700,161.0124228341239,153.11695200602213
2023-04-06,162.6179962158203,162.91427882271006,159.99098020805553,160.41564039126865,45390100,162.00143432617188,153.6193110148112
2023-04-10,160.02059936523438,160.02059936523438,158.09478511621296,159.41816361866267,47716900,162.179203578404,154.12364349365234
2023-04-11,158.80584716796875,160.34649846878187,158.51943515436048,160.33662790848967,47644200,161.95910862513952,154.5476526896159
2023-04-12,158.11453247070312,160.05021717246308,157.79849370413785,159.22063801456596,50133100,161.28190176827567,154.9654067993164
2023-04-13,163.50680541992188,163.7438344852104,159.41814822842684,159.625550544249,68445600,161.19584001813615,155.632036336263
2023-04-14,163.16116333007812,164.25739832506682,161.78840194622364,162.5488419808256,49386500,161.13658360072546,156.26739095052082
2023-04-17,163.180908203125,163.33892759169828,161.99579292794192,163.04264500551295,41516200,161.34397888183594,156.73485412597657
2023-04-18,164.40553283691406,165.33387789076258,163.5956947875371,164.04012619342146,49923000,161.5993412562779,157.15096232096354
2023-04-19,165.55113220214844,166.07455817257474,163.48703999868027,163.74382523896543,47720200,162.38941737583704,157.6786677042643
2023-04-20,164.58331298828125,165.78818457608216,163.50683405035483,164.03026014199096,52456400,163.2147696358817,158.13230539957684
2023-04-21,162.97354125976562,164.38580016361834,162.4501151557234,163.00316801512196,58337300,163.9089137486049,158.60734100341796
2023-04-24,163.27964782714844,163.54630361878327,161.85750369783725,162.9537385417183,41949600,163.87646266392298,159.16138254801433
2023-04-25,161.739013671875,164.2475072794641,161.69950129216383,163.1414017604714,48714100,163.67329842703683,159.5992177327474
2023-04-26,161.72914123535156,163.23029532612622,160.78105501874768,161.0378252295865,45498800,163.46590314592635,159.96693522135416
2023-04-27,166.3214874267578,166.46962119212645,163.14141866066578,163.14141866066578,64902300,163.73961094447546,160.4745610555013
2023-04-28,167.57571411132812,167.74361912541863,165.79804878354395,166.40048449959994,55275900,164.0288369315011,160.92984313964843
2023-05-01,167.48683166503906,168.33616700655767,166.548616072207,167.18067853080987,52472900,164.4436253138951,161.41014404296874
2023-05-02,166.44984436035156,168.237410301642,165.46224586153255,167.98062504743248,48425700,164.94024004255022,161.77687225341796
2023-05-03,165.3733673095703,168.80033534118735,165.08697037258037,167.3979472668269,65136000,165.23934282575334,162.04582824707032
2023-05-04,163.7339630126953,164.96846124572582,162.27232132426357,162.84513031273676,81235400,165.52433558872767,162.30787099202473
2023-05-05,171.41751098632812,172.13845380689077,168.64234602308835,168.85961893934999,113453200,166.90838841029577,162.7898198445638
2023-05-08,171.34835815429688,171.69402369424722,169.9755966946327,170.34100335662225,55962800,167.6265127999442,163.22600962320965
2023-05-09,169.6398162841797,171.38785496168964,169.47192632998963,170.9039412906591,45326900,167.92138453892298,163.67010091145832
2023-05-10,171.4075927734375,171.87176527271458,169.76817565129102,170.87429621552187,53724500,168.4814932686942,164.19385681152343
2023-05-11,171.5952606201172,172.4248398461332,170.0348529885771,171.69402651016821,49514700,169.216552734375,164.62115834554035
2023-05-12,170.66563415527344,172.13918180226995,169.11295243629542,171.70403494878815,45533100,169.97259085518974,164.96512908935546
2023-05-15,170.17115783691406,171.29857695594924,169.5777729993573,171.249125704419,37266700,170.8921901157924,165.20900166829426
2023-05-16,170.17115783691406,171.2293421857262,169.9041331509732,170.09203885254627,42110300,170.7141396658761,165.41106567382812
2023-05-17,170.78428649902344,171.0216283275313,168.5393327985131,169.81510548834717,57951600,170.63355800083704,165.6513432820638
2023-05-18,173.11827087402344,173.30617657836305,170.6755268984154,171.0908902546592,65496700,171.13048008510046,166.0309809366862
2023-05-19,173.22703552246094,174.44345770293714,173.00946211256743,174.44345770293714,55809500,171.39040047781808,166.38461558024088
2023-05-22,172.27761840820312,172.781999977239,171.5358950094103,172.0600450039918,43570900,171.48788016183036,166.79318288167318
2023-05-23,169.66677856445312,171.46670153051892,169.38986966050507,171.2194603598222,50747300,171.3451865059989,167.15521392822265
2023-05-24,169.9436798095703,170.51728111058472,168.63825433413288,169.2019563309073,45143500,171.31268964494978,167.54951883951824
2023-05-25,171.08099365234375,171.98093998050487,169.79533663873903,170.50739236656926,56058300,171.44266619001115,167.80199178059897
2023-05-26,173.4940643310547,173.83032378662378,171.1996741500605,171.40736336995897,54835000,171.82977730887276,168.14642181396485
2023-05-30,175.3434295654297,177.01478218217846,174.62148962052487,175.00718521743593,55964400,172.1476571219308,168.55183919270834
2023-05-31,175.2939910888672,177.37082297149757,174.80939295881248,175.3731100748192,99625300,172.44293648856026,168.91478780110677
2023-06-01,178.10264587402344,178.1323136072369,174.97751385870967,175.73902088879638,68901800,173.27508326939173,169.33317159016926
2023-06-02,178.95314025878906,179.77398268262323,177.2817876805341,179.03225923715402,61996900,174.6017063685826,169.81216583251953
2023-06-05,177.5982666015625,182.90900173212887,176.07525265044882,180.61461168229852,121946500,175.6952187674386,170.2996566772461
2023-06-06,177.23233032226562,178.13227652640924,175.4719596724279,177.98393789122082,64848400,176.57398114885603,170.76474609375
2023-06-07,175.857666015625,179.21025490271796,175.3631837898567,176.4708191466497,61944600,176.91163853236608,171.23536783854166
2023-06-08,178.57733154296875,178.84434109966037,175.50165126625262,175.93678298136524,50214900,177.37362452915735,171.7969741821289
2023-06-09,178.96302795410156,180.21900204187077,178.6366678484163,179.4970621604222,48900000,177.89777265276228,172.2183588663737
2023-06-12,181.76177978515625,181.8606822718443,178.9729077272824,179.26960009694577,54274900,178.4205060686384,172.69122772216798
2023-06-13,181.28707885742188,182.11780541012092,180.42668457715504,180.782712398369,54929100,178.75392586844308,173.15123596191407
2023-06-14,181.9200439453125,182.35519080481038,180.0113494184458,181.3464426387383,57462900,179.37132263183594,173.66690928141276
2023-06-15,183.95733642578125,184.46171813002383,181.75194915416407,181.92997066460416,65433200,180.33203778948103,174.2863749186198
2023-06-16,182.8793182373047,184.9264820484004,182.2364973319158,184.669341613924,101256200,181.3351309640067,174.92455342610677
2023-06-20,182.96832275390625,184.0463055632048,182.37495308855412,182.37495308855412,49799100,181.96241542271204,175.30958048502603
2023-06-21,181.929931640625,183.36392727035516,180.57503989811684,182.85954567430247,49515700,182.3862588065011,175.66229960123698
2023-06-22,184.9363555908203,184.98580683232038,181.64310210019994,181.71233685638003,51245300,182.8397696358817,176.17218424479168
2023-06-23,184.61990356445312,185.49019723798705,182.96833449974372,183.5023838322858,53117000,183.31588745117188,176.6125946044922
2023-06-26,183.22544860839844,185.97476858314397,183.18588157961648,184.7682307420945,48088700,183.50237383161272,177.0002675374349
2023-06-27,185.98468017578125,186.31104030447904,183.62105538648717,183.83862880561904,50730800,183.79199436732702,177.51090240478516
2023-06-28,187.1615447998047,187.80436573389431,185.5297592960992,185.8561043245189,51216800,184.40374101911272,178.0772486368815
2023-06-29,187.497802734375,187.97251662731944,186.85498175364998,186.99343619982474,46347300,185.0508095877511,178.65480346679686
2023-06-30,191.82945251464844,192.33381899614628,189.1493519786864,189.51527911897426,85213200,186.46502685546875,179.35630900065104
2023-07-03,190.33612060546875,191.7404484310712,189.6438333602496,191.64154594163958,31458200,187.2364218575614,179.93023732503255
2023-07-05,189.21861267089844,190.85039834497115,188.51644111338388,189.45596962493224,46920300,187.89338030133928,180.46328989664713
2023-07-06,189.6933135986328,189.90100282202306,187.11211517011608,187.74505196417672,45094300,188.8173610142299,181.04381306966147
2023-07-07,188.5757598876953,190.54380484505052,188.14062814608695,189.29771490007704,46815000,189.18751525878906,181.67411244710286
2023-07-10,186.52862548828125,187.89340155065938,184.9759437256739,187.17144648236777,59922200,189.09709821428572,182.22694396972656
2023-07-11,186.00445556640625,187.21099353236755,184.54079224834234,187.07253909809666,46638100,188.8837629045759,182.72439270019532
2023-07-12,187.67579650878906,189.5844907414315,186.3901396467477,187.58677823550266,60750200,188.2903834751674,183.1971171061198
2023-07-13,188.43728637695312,189.08012234659634,187.68567880071848,188.3977344373199,41342300,188.01912144252233,183.63357899983723
2023-07-14,188.58567810058594,189.07026113812964,187.53737794948708,188.13074770594125,41616200,187.92870221819197,184.0766352335612
2023-07-17,191.84925842285156,192.17561856911308,189.6933076328095,189.78231082986184,50520200,188.2366943359375,184.53485565185548
2023-07-18,191.5921173095703,192.185502135392,190.296576033276,191.21632100425936,48288200,188.6676025390625,184.9561548868815
2023-07-19,192.94700622558594,196.0424552700726,190.52403079875788,190.96907695660155,80507300,189.58451407296317,185.46777954101563
2023-07-20,190.99871826171875,194.30185606220206,190.37566579926568,192.9370802265051,59581200,190.29798017229353,185.9266591389974
2023-07-21,189.8218536376953,192.81841494586592,189.1196821840786,191.95802063670834,71951700,190.60455976213728,186.3921320597331
2023-07-24,190.6229248046875,192.759091941705,190.1284425094743,191.27564505606543,45377800,190.9167938232422,186.7936518351237
2023-07-25,191.4833221435547,192.29428036369316,190.79104993758423,191.19652904765346,37283200,191.33074297223772,187.21099497477215
2023-07-26,192.35362243652344,193.4810415222525,191.18665140498055,191.53277997466063,47471900,191.40279497419084,187.56405639648438
2023-07-27,191.08773803710938,195.02381285425056,190.42513357699178,193.85684188907683,47460200,191.33074079241072,187.8907450358073
2023-07-28,193.66896057128906,194.46013535574042,191.99760780036658,192.52175788835478,48291400,191.43387712751115,188.28237559000652
2023-07-31,194.2821044921875,194.3216715292241,193.10523413200033,193.89640887829788,38824100,191.9029323032924,188.62653452555338
2023-08-01,193.4513702392578,194.55900578654655,193.12501010327395,194.074422779809,35175100,192.4214346749442,188.97893625895182
2023-08-02,190.454833984375,193.02613328848292,189.73289393984368,192.88767882664945,50389300,192.39742170061385,189.22848663330078
2023-08-03,189.06036376953125,190.247118290272,188.58566497931545,189.45595867004647,61235200,192.05128479003906,189.46616770426434
2023-08-04,179.98165893554688,185.31217710978225,179.9124241755589,183.47270249377223,115956800,190.2838614327567,189.30101114908854
2023-08-07,176.87631225585938,181.10907923772604,175.3928654606145,180.12011470756278,97576100,188.253657749721,189.0428914388021
2023-08-08,177.81582641601562,178.28064095471063,175.6203239410226,177.70703971354655,67823000,185.98892429896765,188.862570699056
2023-08-09,176.2235870361328,178.93334011391454,175.0566010766963,178.8740046582552,60378500,183.40913609095983,188.53720092773438
2023-08-10,176.00604248046875,178.75536303948698,175.64013038367378,177.4993736907431,54686900,180.9169464111328,188.16535085042318
2023-08-11,176.06546020507812,176.88741115774235,174.8374976677621,175.60003302807638,52036700,178.86132158551897,187.78427276611328
2023-08-14,177.71925354003906,177.94701832041608,175.5900993670502,176.2437010263368,43675600,177.2411629813058,187.31393280029297
2023-08-15,175.728759765625,177.73906787465035,175.3326457472995,177.14489684716207,43622600,176.63360595703125,186.82702077229817
2023-08-16,174.8572998046875,176.80817714322055,174.78797154296882,175.41186545531423,46964900,176.34517560686385,186.3483103434245
2023-08-17,172.3122100830078,175.78815784652573,171.79724982185638,175.42175166053434,66062900,175.55894470214844,185.768940226237
2023-08-18,172.79747009277344,173.40155375891743,170.29201204567954,170.62871045348956,61172200,175.06949942452567,185.2429972330729
2023-08-21,174.13436889648438,174.42156439236868,172.05474771785234,173.37184868637627,46311900,174.80211748395647,184.8298553466797
2023-08-22,175.5108642578125,175.95649623435884,174.54037449165708,175.34251507159627,42038900,174.72288949148995,184.48006896972657
2023-08-23,179.36314392089844,179.78898080878903,176.60021337314086,176.78837280424742,52722800,174.95773097446985,184.2029805501302
2023-08-24,174.66912841796875,179.3433458832632,174.30270712253693,178.91750900229638,54945800,174.80635506766183,183.7440419514974
2023-08-25,176.87750244140625,177.41225784961358,174.1145717959043,175.6594375427037,51449600,175.09495544433594,183.35376942952473
2023-08-28,178.44216918945312,178.83828316683332,176.8180777049469,178.34313313971825,43820700,175.97066388811385,182.90686645507813
2023-08-29,182.3340606689453,183.10649358507428,177.75887876406125,177.95693577395411,53003900,177.3330339704241,182.5982645670573
2023-08-30,185.8297882080078,186.0278602958339,182.94802670379437,183.14608368084174,60813900,179.0038081577846,182.36102396647135
2023-08-31,186.04766845703125,187.28554353881972,185.66145203594442,186.0179606639307,60794500,180.50906590053015,182.19598897298178
2023-09-01,187.6222686767578,188.07779827305947,186.45370666949987,187.65197647170007,45766500,181.6889408656529,182.12266947428387
2023-09-05,187.85989379882812,188.1371765705135,185.79017057061324,186.45366971077303,45280000,183.5733359200614,182.03056844075522
2023-09-06,181.13577270507812,187.01815699545173,179.70973831822653,186.57250991647675,81755800,184.18166024344308,181.68565012613934
2023-09-07,175.8376922607422,176.48139642487362,171.85668142571674,173.48077306769622,112488800,183.8095921107701,181.13511912027994
2023-09-08,176.45166015625,178.4916910043361,176.06544373133067,176.62002446653017,65551300,182.96924918038505,180.64724985758463
2023-09-11,177.62022399902344,178.5511084974291,175.619813594627,178.3233437087065,58953100,181.79645429338728,180.11229197184244
2023-09-12,174.5899200439453,178.3827714442694,173.12428004812202,177.7489799506068,90370200,180.15963309151786,179.4558858235677
2023-09-13,172.52017211914062,175.58019553637163,172.2923922361182,174.79785006313273,84267900,178.00219072614397,178.7581792195638
2023-09-14,174.0353546142578,174.39186327435525,171.89630265367322,172.31222690532334,60895800,176.02725655691964,178.2108632405599
2023-09-15,173.31239318847656,174.78794559113751,172.1339489112559,174.76813536061914,109259500,174.90963091169084,177.68593088785806
2023-09-18,176.24371337890625,177.64004017321716,174.46117014263496,174.76816076178545,67257600,174.96763392857142,177.56133270263672
2023-09-19,177.33303833007812,177.88760394386657,175.4118538031827,175.7980702206982,51826900,175.09354509626115,177.57655690511066
2023-09-20,173.78778076171875,177.95693597912128,173.69864226300012,177.52120149038592,58436200,174.54605320521765,177.44228871663412
2023-09-21,172.24288940429688,174.58991092023126,172.17357625479622,172.85688574257026,63149100,174.21076311383928,177.30959879557292
2023-09-22,173.0945587158203,175.36235454947433,172.36174626663464,172.97572753179696,56725400,174.2928183419364,177.2125493367513
2023-09-25,174.37203979492188,175.2534062611611,172.46075278406465,172.51027081019092,46172700,174.3409162248884,177.1561019897461
2023-09-26,170.29200744628906,173.50057001651604,169.99491440180657,173.12426626356617,64588900,173.90943254743303,176.9085271199544
2023-09-27,168.77685546875,171.36153958960574,167.41025147102962,170.9456153197968,66921800,172.84273856026786,176.67679697672526
2023-09-28,169.03431701660156,170.36131544966938,165.99408862675534,167.69740591218968,56294400,171.65720694405692,176.48269755045573
2023-09-29,169.54928588867188,171.39124466953126,168.68771453081845,170.35142654777866,51861100,171.0517076764788,176.3906000773112
2023-10-02,172.0646209716797,172.60928898108386,169.27196778388654,169.55916323919894,52164500,171.0262407575335,176.36617177327474
2023-10-03,170.72772216796875,171.9458021063211,169.1630613901914,170.58908076573104,49594600,170.68812125069755,176.25261688232422
2023-10-04,171.9755096435547,172.5201776911012,169.31160010164683,169.43043127173715,53020300,170.34575980050224,176.13477172851563
2023-10-05,173.21339416503906,173.74814957044222,171.00501406167223,172.1042477774046,48527900,170.76310076032365,175.92978006998698
2023-10-06,175.76837158203125,176.26352163595584,171.5001654241457,172.1141617663429,57266700,171.7618887765067,175.96642150878907
2023-10-09,177.25381469726562,177.3132302836497,174.09475506108697,175.09495269037185,42390800,172.93610273088728,175.97896525065104
2023-10-10,176.65963745117188,177.97673842144718,176.2239029815132,176.37245706568626,43698000,173.95186723981584,175.91954752604167
2023-10-11,178.0559539794922,178.10547200469523,175.87729686757618,176.4714678376734,47551100,174.80777195521765,175.77694396972657
2023-10-12,178.95713806152344,180.57131695227565,177.30332359387822,178.3233466007442,56743100,175.983402797154,175.54785563151043
2023-10-13,177.1151580810547,180.16526873253892,176.41203844407568,179.66022118086906,51427100,176.71763828822546,175.25010528564454
2023-10-16,176.98641967773438,177.34292828713865,174.79784999846225,175.0355274416581,52517000,177.2566419328962,174.89557698567708
2023-10-17,175.43165588378906,176.6893412361662,173.1044597256959,174.93650583601004,57549400,177.20853969029017,174.4813023885091
2023-10-18,174.13436889648438,175.85749653944856,173.4114540423014,173.87689630601963,54764400,176.76290457589286,174.247922261556
2023-10-19,173.75808715820312,176.114991459484,173.49070186176996,174.33244800123364,59302900,176.34839739118303,174.17860209147136
2023-10-20,171.20309448242188,173.7184502104905,170.96541700693638,173.60951658974062,64244000,175.36941746303015,174.00364990234374
2023-10-23,171.32191467285156,172.32211231863303,168.2816861592976,169.25219112217718,55980100,174.27867126464844,173.79370625813803
2023-10-24,171.7576446533203,171.98540943587548,169.78694209599936,171.3714282347356,43816600,173.51331220354353,173.6992970784505
2023-10-25,169.44033813476562,171.38131769667615,168.99469104064445,170.21277093543313,57157000,172.43530055454798,173.596635945638
2023-10-26,165.2711639404297,169.71761631425704,164.06299674951495,168.71740365821697,70625300,170.98380170549666,173.30449625651042
2023-10-27,166.58827209472656,167.32109955610002,165.21175565878588,165.29098147440297,58499100,169.9057878766741,173.08035888671876
2023-10-30,168.63819885253906,169.50966778359705,167.23197451155576,167.3805285943209,51131000,169.17437526157923,172.82684173583985
2023-10-31,169.11355590820312,169.24228464861295,166.27138428536674,167.70733154956028,44846000,168.87586975097656,172.552858988444
2023-11-01,172.28248596191406,172.53995851269775,168.4698250558493,169.34129385969914,56934900,169.01309422084265,172.5026824951172
2023-11-02,175.8475799560547,176.05553449603235,173.7580463313888,173.81746191423957,77334800,169.59737069266183,172.62283884684246
2023-11-03,174.93650817871094,175.10487249469713,171.66852990822986,172.5498964006483,79829200,170.38253784179688,172.68423716227213
2023-11-06,177.49148559570312,177.68954259678722,174.50079012453784,174.66913933099835,63841300,172.12829807826452,172.78821868896483
2023-11-07,180.05638122558594,180.67036248552094,177.23401974281032,177.4419743130807,70530000,174.05231366838728,173.11369781494142
2023-11-08,181.1160125732422,181.6705782969107,179.82861922285025,180.58125708564262,49340300,175.83485848563058,173.5250030517578
2023-11-09,180.64064025878906,182.3340449245472,180.04645416963677,181.18530832204868,53763500,177.48158482142858,173.91188049316406
2023-11-10,184.83511352539062,185.00369964258533,181.989212824357,182.42552132152326,66133400,179.27481733049666,174.4214080810547
2023-11-13,183.24856567382812,184.46823531200093,182.66352248721634,184.26000678217753,43627500,180.33210100446428,174.79420623779296
2023-11-14,185.8663787841797,186.5307520867399,184.73595008374065,186.12419054719692,60108400,181.89351109095983,175.298828125
2023-11-15,186.4315948486328,187.90909130382101,186.20353000343164,186.2729495954029,53790500,183.17066955566406,175.78069763183595
2023-11-16,188.1173553466797,189.35686136039257,187.0662415372727,187.97853127837138,54412900,184.3222372872489,176.27749633789062
2023-11-17,188.09750366210938,188.78171334674664,186.98691120628507,188.65279989002153,50922700,185.31959315708704,176.68846740722657
2023-11-20,189.84274291992188,190.29888780221057,188.28593119459046,188.2958417959073,46505100,186.6341792515346,177.10809834798178
2023-11-21,189.03953552246094,189.91215257469014,188.14709726863614,189.8030754431615,38134500,187.23481096540178,177.52076161702473
2023-11-22,189.7039031982422,191.31029805901488,189.22793715258507,189.88239992204348,39617700,188.15700204031808,177.90902659098307
2023-11-24,188.37513732910156,189.2973223945837,187.66118076777323,189.26757546541884,24048300,188.51539611816406,178.22295989990235
2023-11-27,188.19667053222656,189.06928760823715,187.31414285514808,188.3255839995523,40552600,188.7675497872489,178.59234364827475
2023-11-28,188.80152893066406,189.47582799498892,187.8099242301234,188.1867388581487,38415400,188.86528887067522,178.9861806233724
2023-11-29,187.7801971435547,190.47736342450784,187.38356127369806,189.2973512852548,43014200,188.81995936802454,179.39779866536458
2023-11-30,188.35531616210938,188.7222202024886,186.61009727764167,188.2462390361622,48794400,188.6074698311942,179.87183024088543
2023-12-01,189.63449096679688,189.95179660734362,187.64135580786584,188.73212704562349,45704800,188.69246346609933,180.4010437011719
2023-12-04,187.8396759033203,188.45448112204545,185.87630278327032,188.38506152852514,43389500,188.42614528111048,180.95559641520182
2023-12-05,191.79617309570312,192.76794143388682,188.58336852388663,188.61313058416235,66628400,188.91486467633928,181.63807169596353
2023-12-06,190.70545959472656,193.12496281511594,190.49721591044622,192.81756772030812,41089700,189.27326311383928,182.26966552734376
2023-12-07,192.63905334472656,193.3629205543118,191.96475426663108,192.0044269286476,47477700,189.82148088727678,183.04295603434244
2023-12-08,194.06698608398438,194.34463422327846,192.04410377691167,192.56965312133897,53406400,190.71959359305245,184.00281677246093
2023-12-11,191.55819702148438,191.8656072016425,189.81297812056516,191.48879255742054,60943700,191.1771480015346,184.83514760335285
2023-12-12,193.07534790039062,193.08525849983545,190.11044455227926,191.45902748039885,52696900,191.66869899204798,185.64971923828125
2023-12-13,196.29808044433594,196.33773797632358,193.214189106248,193.45216455954898,70404200,192.87704249790735,186.55587005615234
2023-12-14,196.44683837890625,197.94415626252416,194.5132119382899,196.35759757334458,66831600,193.54142325265067,187.3613484700521
2023-12-15,195.91136169433594,196.73438033852585,195.34613971264017,195.87168903034603,128538400,194.28512355259485,188.03014119466147
2023-12-18,194.24546813964844,194.9792611555933,192.75806090539803,194.44378607807738,55751900,194.51461138044084,188.67377319335938
2023-12-19,195.28662109375,195.29653169314724,194.2454331909677,194.51317068155427,40714100,194.68884495326452,189.2669443766276
2023-12-20,193.19435119628906,196.0204155959587,193.19435119628906,195.24696511767544,52242800,194.9225812639509,189.7048767089844
2023-12-21,193.0456085205078,195.42546903656068,191.87552215973167,194.45370060278358,46482500,194.91833278111048,190.10252990722657
2023-12-22,191.97467041015625,193.7694724442452,191.34995462543642,193.54139247575878,37149600,194.30070277622767,190.48033091227214
2023-12-26,191.42929077148438,192.262235089905,191.21113652656177,191.98458698376479,28919300,193.5839102608817,190.70013682047525
2023-12-27,191.52842712402344,191.8754947947896,189.48572401895245,190.8739795713314,48087700,192.95777675083704,190.97613220214845
2023-12-28,191.954833984375,193.02576884449476,191.54827243799232,192.51013017909935,34049900,192.6305433000837,191.1790807088216
2023-12-29,190.91366577148438,192.76796185552627,190.12037892679615,192.27215946893213,42672100,192.0058353969029,191.32848307291667
2024-01-02,184.08151245117188,186.85800888690832,182.34620407017263,185.57883023572913,82488700,190.7040012904576,191.19395497639974
2024-01-03,182.70315551757812,184.31947592788424,181.8900324473893,182.67340858873573,58414500,189.22650800432478,191.01414337158204
2024-01-04,180.3828125,181.55289876959398,179.36146088139282,180.62078794157884,71983600,187.5705283028739,190.69881235758464
2024-01-05,179.65895080566406,181.22568820887324,178.6574354024576,180.46216340525032,62379700,185.88905116489954,190.38612620035806
2024-01-08,184.00216674804688,184.04183940945515,179.9762540642685,180.56129720920066,59144500,184.8138711111886,190.1960683186849
2024-01-09,183.585693359375,183.59560395931726,181.19592240352762,182.37593441619447,42841800,183.61827959333147,190.0364201863607
2024-01-10,184.6269073486328,184.8351358915854,182.37596012806688,182.80235807668967,46792900,182.72017124720983,189.91742808024088
2024-01-11,184.0319061279297,185.47965559618967,182.07844372761645,184.97392753345,49128400,182.7130846296038,189.75844065348306
2024-01-12,184.35916137695312,185.1722845702879,183.6352941143493,184.49798544280438,40477800,182.9496568952288,189.6444061279297
2024-01-16,182.08837890625,182.71307958868692,179.41103406753936,180.63071876275188,65603000,183.1933092389788,189.43550821940104
2024-01-17,181.14634704589844,181.39424823145328,178.786338048284,179.74819585869176,47317400,183.40579441615515,189.15257008870444
2024-01-18,187.04640197753906,187.55211493445296,184.26990575318283,184.52771753168435,78005800,183.84068516322546,189.12612762451172
2024-01-19,189.95181274414062,190.3385380102556,187.23482528040057,187.74053828049293,68903000,184.75013078962053,189.0646489461263
2024-01-22,192.26223754882812,193.69015075906108,190.64591702187175,190.68558968364889,60133900,185.8408922467913,189.11654154459634
2024-01-23,193.54141235351562,194.10663433692045,192.20275498822556,193.38276708914043,42355600,187.19939313616072,189.14662017822266
2024-01-24,192.86709594726562,194.73131744914085,192.70843557887508,193.77937036948305,53631300,188.41481236049108,189.10662384033202
2024-01-25,192.53988647460938,194.62226243680658,191.48878789336808,193.58107445570798,54822100,189.9078848702567,189.13934682210285
2024-01-26,190.80458068847656,193.1249321296598,190.3286146537771,192.63905549468925,44594000,191.28763253348214,189.06365458170572
2024-01-29,190.12037658691406,190.5864320350317,187.98843240307312,190.3980247095346,47145600,191.72677176339286,188.85773111979168
2024-01-30,186.4613494873047,190.18979301004535,185.89614265093053,189.33701232459805,55859400,191.22813415527344,188.5248814900716
2024-01-31,182.8518829345703,185.52922747005408,182.8023148089162,185.46971848403524,55467800,189.88379778180803,188.08956553141277
2024-02-01,185.29124450683594,185.3804852934909,182.27677304456427,182.44534401847454,64885400,188.70520237513952,187.791091410319
2024-02-02,184.28976440429688,185.75733532165063,177.74516644928605,178.35004600309975,102551700,187.47986929757255,187.42452952067057
2024-02-05,186.10438537597656,187.66121220628375,184.27983613833493,186.5704408518845,69668800,186.56051199776786,187.18819732666014
2024-02-06,187.71080017089844,187.7207107722996,185.2020411236872,185.29128192836527,43490800,186.11854335239954,187.01037038167317
2024-02-07,187.8198699951172,189.44610127224303,187.02658312392904,189.03953967028943,53439000,185.78989955357142,186.87187703450522
2024-02-08,186.73899841308594,187.94874218828468,185.7771406742971,187.80000754030146,40962000,185.8295636858259,186.7155339558919
2024-02-09,187.50350952148438,188.63538073939827,186.65956394365634,187.30492339729363,45155200,186.49408176967077,186.58137003580728
2024-02-12,185.81561279296875,187.32477942159008,185.4581789901372,187.07656192379022,41781900,186.5689915248326,186.3767293294271
2024-02-13,183.72067260742188,184.88234393093236,182.20158259974826,184.4454786725173,56529500,186.4876926967076,186.136962890625
2024-02-14,182.83700561523438,184.2071710720395,181.13920638831792,183.99867685469593,54630500,186.0209241594587,186.0954793294271
2024-02-15,182.54908752441406,183.17460050228618,180.05698915939104,182.2413002337134,65434500,185.28353663853235,186.09034372965496
2024-02-16,181.0101318359375,183.53203018346474,180.37469562592958,182.11221816970058,49752500,184.3107169015067,186.1112543741862
2024-02-20,180.26548767089844,181.12927978468986,178.7166127841021,180.49384354523508,53665600,183.38592965262276,186.131472269694
2024-02-21,181.02008056640625,181.5860086349742,179.37191259479573,180.64278508736416,41371400,182.45972551618303,186.03206939697264
2024-02-22,183.0554656982422,183.64127060390982,181.15909521547567,182.17181186595948,52292200,182.06541878836495,186.01439514160157
2024-02-23,181.21865844726562,183.72068024032762,180.93071762862238,183.69089534874325,45119700,181.70798819405692,185.90078684488932
2024-02-26,179.8683319091797,181.45691481099774,179.36195851579282,180.94063332165365,40867400,181.28389195033483,185.76200103759766
2024-02-27,181.32785034179688,182.60864595739088,178.27973221361,179.80876047563007,54318900,181.10942949567522,185.66095733642578
2024-02-28,180.12648010253906,181.814356133641,178.84568442217187,181.20870480571682,48953900,180.98319353376115,185.5955607096354
2024-02-29,179.46127319335938,181.26830407372196,178.2499704416867,179.97756989489093,136682600,180.86830575125558,185.53939158121744
2024-03-01,178.3790283203125,179.24282037465971,176.11528592616577,178.26981201401622,73563100,180.4910125732422,185.25047912597657
2024-03-04,173.85154724121094,175.63870116419773,172.55087478393426,174.8940486462885,81510100,179.17616707938058,184.71380360921225
2024-03-05,168.9070587158203,170.8133675141066,168.4106236594959,169.54249498191575,95132400,177.41736711774553,183.93529764811197
2024-03-06,167.91419982910156,170.0190949106372,167.47733452633008,169.84037040041403,68587700,175.70963396344865,183.0810572306315
2024-03-07,167.79502868652344,169.51268953107953,167.28867044448495,167.9439531253601,71765100,173.77637372698103,182.24532165527344
2024-03-08,169.51271057128906,172.46153602621885,167.73547973060533,167.7950495135339,76267000,172.26012093680245,181.47774912516277
2024-03-11,171.51829528808594,173.13667826239134,170.8232893067872,171.7069430151515,60139500,171.12540980747767,180.83487294514973
2024-03-12,171.994873046875,172.7891721100731,169.79070034274764,171.91544162555573,59825400,170.21338762555803,180.2306894938151
2024-03-13,169.9098663330078,171.9551763303205,169.54249409126064,171.53817270319811,52488700,169.6502903529576,179.67897338867186
2024-03-14,171.7665252685547,173.06718266017282,170.82330171470906,171.67717059661035,72913500,170.05878557477678,179.30946146647136
2024-03-15,171.3892059326172,171.3892059326172,169.07581713096124,169.94954753501827,121752700,170.55521501813615,178.84606018066407
2024-03-18,172.4813995361328,176.4429567936847,172.2828285408912,174.31821532960825,75604200,171.22469656808036,178.45244801839192
2024-03-19,174.82455444335938,175.35077434046616,171.79629786095623,173.09695515946524,55215200,171.98353140694755,178.07645365397136
2024-03-20,177.39610290527344,177.39610290527344,173.84162605000233,174.467139074951,53423100,172.8232182094029,177.73263041178384
2024-03-21,170.14813232421875,176.22450721449738,169.6219124199128,175.78764197696165,106181300,172.5593981061663,177.14357248942056
2024-03-22,171.05166625976562,171.81618050845861,168.8474933401544,170.5353695457136,71160100,172.7225123814174,176.62066141764322
2024-03-25,169.63185119628906,170.7140758962492,168.24182406010684,169.3538487990515,54288300,172.41755894252233,176.02493947347006
2024-03-26,168.49998474121094,170.19778406175462,168.37090678526505,168.78791039294236,57388400,172.00481305803572,175.4477518717448
2024-03-27,172.0742950439453,172.3622358242069,168.8971141151568,169.19497814129184,60273300,171.9466552734375,175.05953928629557
2024-03-28,170.25733947753906,171.00199196056712,169.29425438748996,170.52541861342735,65672700,171.29419599260603,174.64021708170574
2024-04-01,168.8177032470703,170.02900599080004,168.2716216576847,169.96943620832081,46240500,170.06871032714844,174.18250427246093
2024-04-02,167.6361846923828,168.13261974429108,167.0305333230549,167.87447897129715,49329500,169.7098606654576,173.73670603434246
2024-04-03,168.44039916992188,169.46305411699578,167.37803608655156,167.5865303145986,47691700,169.33682250976562,173.34253641764323
2024-04-04,167.61631774902344,170.69420560535343,167.61631774902344,169.07582268557752,53704400,169.04888916015625,172.89574432373047
2024-04-05,168.37091064453125,169.17513298848516,167.74539764368038,168.3808338913719,42104800,169.03045000348772,172.40625915527343
2024-04-08,167.24896240234375,167.99361496437555,167.04046816897213,167.82482886831443,37425500,168.34111676897322,171.94060262044272
2024-04-09,168.46026611328125,168.86734648560252,167.1496854743383,167.49718091534808,42373800,168.08439200265067,171.56033376057943
2024-04-10,166.58375549316406,167.88441298860536,165.9185342989306,167.59648730602532,49709300,167.76525660923548,171.06886393229166
2024-04-11,173.79196166992188,174.20898041040104,166.96102623293754,167.13973556457645,91070300,168.6446533203125,170.8577133178711
2024-04-12,175.29119873046875,177.08829097776882,172.96788660357228,173.0175179827845,101670900,169.6233389718192,170.71871083577474
2024-04-15,171.45870971679688,175.37061964403054,171.27006200710903,174.10967059769038,73531800,170.17225211007255,170.4880335489909
2024-04-16,168.1723175048828,172.5210775974863,167.0702312509368,170.52541444574328,73711200,170.14388166155135,170.2987258911133
2024-04-17,166.80215454101562,169.43325389490929,166.80215454101562,168.4006757947001,50901200,170.0800519670759,170.2285624186198
2024-04-18,165.8489990234375,167.4375970919546,165.36250241682455,166.83194578270678,43122900,169.70701381138392,170.15972239176432
2024-04-19,163.82354736328125,165.21355928091162,162.91010879598218,165.02492670994252,68149400,169.3126983642578,170.02733968098957
2024-04-22,164.65756225585938,166.06743588145892,163.59519920100377,164.33985172403135,48116400,168.0077841622489,169.8655014038086
2024-04-23,165.71002197265625,165.85896158515186,163.744143317683,164.17108536017497,49537800,166.63904462541853,169.67189229329426
2024-04-24,167.8148956298828,168.09289802448964,165.02493328758231,165.35256706337344,48251800,166.11849975585938,169.53255971272787
2024-04-25,168.67869567871094,169.39356334150216,166.9510963019663,168.3212618473153,50558300,166.19083949497767,169.49152069091798
2024-04-26,168.0928955078125,170.1183436596222,167.97374080476908,168.66876193087458,44838400,166.37523106166296,169.3690663655599
2024-04-29,172.262939453125,174.77489926024026,171.86579752591055,172.13386150928326,68169400,167.291508265904,169.3981908162435
2024-04-30,169.1155548095703,173.74233280675443,168.78790588015656,172.09416491333778,65934800,168.0475093296596,169.28599599202474
2024-05-01,168.0928955078125,171.47858587357683,167.90424778215495,168.37089789825708,50383100,168.53827122279577,169.06160736083984
2024-05-02,171.79629516601562,172.1835138606425,169.67155396857694,171.27999852318183,94214900,169.4077388218471,168.87494710286458
2024-05-03,182.07254028320312,185.66672552286605,181.35767253443083,185.31921489638069,163224100,171.44454520089286,169.27242736816407
2024-05-06,180.41441345214844,182.8866500436298,179.13360267463952,181.04984964293004,78569700,173.12107631138392,169.5845189412435
2024-05-07,181.09950256347656,183.5816778461448,180.02721617336002,182.14201921219635,77305800,174.97916303362166,169.9667739868164
2024-05-08,181.4370880126953,181.76473696457006,180.15627709627628,181.5463043299869,45057100,176.28975568498885,170.39801076253255
2024-05-09,183.25404357910156,183.34339825305352,180.81157644111198,181.25836496086742,48983000,178.30953979492188,170.77066904703776
2024-05-10,181.9913787841797,184.01957427538,181.07670119634082,183.83067066594327,50759500,180.29503740583147,171.16180369059245
2024-05-13,185.20269775390625,186.01796278299403,183.5522942832241,184.36755931231187,72044800,182.21023777553015,171.70797017415364
2024-05-14,186.34603881835938,187.21101770983566,185.2126323262415,186.4255779791011,52393600,182.82073756626673,172.33163197835287
2024-05-15,188.62281799316406,189.54743236218252,186.2864023770235,186.82328796013638,70400000,183.99336678641183,173.00437927246094
2024-05-16,188.74209594726562,189.99481870677727,188.5631442219314,189.36845732702145,52845200,185.08516584123885,173.708571879069
2024-05-17,188.7719268798828,189.70649303935699,188.08591490450098,188.4140082479681,41282900,186.13299996512276,174.38860575358072
2024-05-20,189.93515014648438,190.81006568993442,187.91689147556073,188.23504809883084,44361300,187.08744376046317,175.14481201171876
2024-05-21,191.2375946044922,191.6153866469515,189.815856788038,189.98487181213304,42309400,188.40833173479353,175.9040562947591
2024-05-22,189.79595947265625,191.70486886169914,189.1696132758398,191.15804664976199,34648500,189.06451198032923,176.67779642740885
2024-05-23,185.79922485351562,189.89539287135,185.55067067436462,189.87550428926582,51005900,188.98639569963728,177.07803853352866
2024-05-24,188.88128662109375,189.47782271626807,186.9525037733123,187.72800676525614,36327000,189.0233197893415,177.53104146321616
2024-05-28,188.8912353515625,191.88382214222983,188.00638309980087,190.40243380522858,52280100,189.04462541852678,178.11212565104168
2024-05-29,189.18951416015625,191.13818582461732,188.41402624535667,188.51345399670836,53068000,189.10428074428015,178.8126988728841
2024-05-30,190.1837158203125,191.06856812279528,189.52754429358754,189.6567821553814,49889100,189.13979012625558,179.5920842488607
2024-05-31,191.13815307617188,191.4563096895504,188.81168973037515,190.33284000805318,75158300,189.1255841936384,180.4350560506185
2024-06-03,192.9078826904297,193.8623374845637,191.4066207978332,191.784412862338,50080500,189.5701446533203,181.40453389485677
2024-06-04,193.2260284423828,194.19041988861153,191.91365507081835,193.51434462038463,47471400,190.63111659458704,182.35681610107423
2024-06-05,194.73721313476562,195.76125508510356,193.74299647070612,194.26993008901428,54156800,191.4676775251116,183.3243891398112
2024-06-06,193.3552703857422,195.3635924798522,193.04706561878618,194.55827933508485,41181800,192.1053968157087,184.1757349650065
2024-06-07,195.75132751464844,195.80104138427978,193.0172315608974,193.5242766218339,53103900,193.0427987234933,185.07815602620443
2024-06-10,192.00314331054688,196.1589774177998,191.03875180216343,195.76128159599278,97010200,193.30271693638392,185.8751642862956
2024-06-11,205.95199584960938,205.96194772636147,192.51019617172983,192.53006958414636,172373300,195.41898018973214,186.99813283284504
2024-06-12,211.8377685546875,218.92652361101457,205.7034379048798,206.17072098738436,198134300,198.12324959891183,188.42220662434895
2024-06-13,213.00099182128906,215.49647028335949,210.37626033331,213.49810017257707,97862700,200.94824436732702,189.9191431681315
2024-06-14,211.2611083984375,213.9256018265929,210.07798811856898,212.61324369392398,70122700,203.30880083356584,191.23463694254556
2024-06-17,215.41696166992188,217.6837748595555,211.4898081720374,212.1360430521221,93728300,206.4604710170201,192.3461176554362
2024-06-18,213.0507049560547,217.3656172672209,211.7681719978675,216.3316233309755,79943300,208.9318106515067,193.43399403889973
2024-06-20,208.4673614501953,213.00100258632773,207.64217489543017,212.6927826496957,86172500,211.2838418143136,194.34625600179035
2024-06-21,206.29005432128906,210.66460227969185,205.91224707350656,209.17327704334386,241805100,211.33213588169642,195.17468821207683
2024-06-24,206.936279296875,211.46990537136972,205.39524025887107,206.51871007112354,80727000,210.63192313058036,195.96409606933594
2024-06-25,207.86090087890625,210.15753911842552,207.40355450398363,207.94042486793816,55549700,209.89762442452567,196.8264134724935
2024-06-26,212.01670837402344,213.6173978459433,209.42180221570723,210.2768291728298,66213200,210.0055672781808,197.7202138264974
2024-06-27,212.86180114746094,214.49231592564604,211.12192192565487,213.44838535845383,49772700,209.64054434640067,198.60407257080078
2024-06-28,209.40191650390625,214.8204096554565,209.08377504858177,214.52214161134154,82542700,209.1192888532366,199.2967091878255
2024-07-01,215.49647521972656,216.25207446959737,210.6944066158183,210.86342163866271,60402900,210.12344796316964,200.1885218302409
2024-07-02,218.99612426757812,219.10548871515067,213.85602557275527,214.89994100712372,58046200,211.93860081263952,201.19599507649738
2024-07-03,220.2687225341797,220.2687225341797,217.76329209306175,218.72768354780237,37369800,213.8432355608259,202.20711415608724
2024-07-05,225.03102111816406,225.14038557018992,220.36814201808318,220.36814201808318,60412400,216.29610988071985,203.33356170654298
2024-07-08,226.50247192382812,226.53229721329785,221.95889400104966,225.7766827586142,59085900,218.3655046735491,204.55711212158204
2024-07-09,227.3574981689453,228.07333550260194,225.0608597111907,226.61183554393173,48076100,220.43631853376115,205.94238789876303
2024-07-10,231.6326141357422,231.73204187894612,227.9241899064988,227.97390377810078,62627700,223.6121324811663,207.3674321492513
2024-07-11,226.25392150878906,231.04603853364384,224.46432825800636,230.0518217466028,64710600,225.14891052246094,208.61285502115885
2024-07-12,229.2067108154297,231.2945719488415,227.3574671508641,227.59608461971035,53046500,226.6075657435826,209.94676157633464
2024-07-15,233.04440307617188,235.8580383346859,231.7419815445035,235.11237576276483,62631300,228.4326629638672,211.37545115152994
2024-07-16,233.4619903564453,234.9036016458956,230.9863851256273,233.64094209406048,43234300,229.63708714076452,212.78624572753907
2024-07-17,227.5563507080078,230.12143192510834,225.32929956891294,228.12304640695322,57345900,229.78764125279017,213.94119466145833
2024-07-18,222.8834991455078,229.10730558155058,220.9845567217071,228.94822726389444,66034600,229.14849853515625,214.92977701822917
2024-07-19,223.01275634765625,225.4883615119168,221.9887143107171,223.5198165983548,49151500,227.9170902797154,215.8722951253255
2024-07-22,222.664794921875,226.4626951020567,221.799816014305,225.69714393989972,48201800,227.40435791015625,216.84927927652996
2024-07-23,223.70870971679688,225.6275559695254,221.3921828247117,223.07241159149987,39960300,226.61892918178015,217.78119201660155
2024-07-24,217.276123046875,223.4999296447353,215.8742889513949,222.70455320631825,61777600,224.36631774902344,218.62362467447917
2024-07-25,216.23219299316406,219.57276167257183,213.37878078186108,217.6638522810165,51391200,221.90491812569755,218.96629791259767
2024-07-26,216.69949340820312,218.22064384945838,214.76075857434793,217.4352041073067,41601300,220.35393851143974,219.12835540771485
2024-07-29,216.97787475585938,218.0317421116191,214.50226952108,215.70527849563507,36311800,219.5102778843471,219.26091817220052
2024-07-30,217.5346221923828,219.05577256608925,214.87011348402856,217.92236610782675,41643800,218.7276872907366,219.47003529866535
2024-07-31,220.795654296875,222.52559687691686,219.35404306544518,220.1593561933901,50036300,218.4606672014509,219.64932505289713
2024-08-01,217.09718322753906,223.1817852498598,215.76493634313655,223.07242079394348,62501000,217.5161634172712,219.78420766194662
2024-08-02,218.58848571777344,224.29529507499745,216.45092586682142,217.88258518105536,105568600,217.70364379882812,220.1215784708659
2024-08-05,208.0597381591797,212.26527065556354,194.866477978878,197.9386040162881,119548600,216.53615025111608,220.1805679321289
2024-08-06,206.03152465820312,208.7755724881847,199.90716125146164,204.11269368890086,69660500,215.01215471540178,220.15040944417316
2024-08-07,208.6065673828125,212.40446750854989,205.19639601521322,205.70344110024527,63516400,213.81625366210938,220.17526499430338
2024-08-08,212.07638549804688,212.9612378528938,207.62229843313003,211.87754516998305,47161100,213.03650556291853,220.17725423177083
2024-08-09,214.98944091796875,215.5263113015057,210.7441310403627,210.8733840757052,42201600,212.20704650878906,220.24817555745443
2024-08-12,216.5222930908203,218.49311650663688,214.60124108809114,215.0690650325273,38028100,212.12491934640067,220.4855214436849
2024-08-13,220.24497985839844,220.86210287308924,217.99543949730662,217.99543949730662,44155300,212.36156136648995,220.64380493164063
2024-08-14,220.69288635253906,221.99681536538918,218.68223972219693,219.54821978702563,41960600,214.16629682268416,220.700363667806
2024-08-15,223.6790008544922,224.3060872818483,221.72807374055304,223.55956160665437,46414000,216.68736485072546,220.8140396118164
2024-08-16,225.00283813476562,225.77922361016536,222.6139468974481,222.88270038911833,44340200,219.0296892438616,220.81310017903647
2024-08-19,224.84356689453125,224.94310972106823,222.00676340736013,224.67435623990076,40687800,220.85357230050224,220.75780334472657
2024-08-20,225.460693359375,226.11763957317405,224.4056062095116,224.72413110884563,30299000,222.3494655064174,220.6945765177409
2024-08-21,225.35121154785156,226.92389412945442,224.00747444255492,225.4706659840429,34765500,223.6107395717076,220.48519643147787
2024-08-22,223.4898681640625,227.28221598709214,222.86278176595104,226.7347608131935,43695300,224.0742950439453,220.39306131998697
2024-08-23,225.78916931152344,227.16278137803022,223.29080225181497,224.61464290366072,38677300,224.80233546665735,220.27914326985677
2024-08-26,226.12759399414062,226.22713682494347,222.85284141893553,225.7095414433551,30602200,225.15213448660714,220.0485829671224
2024-08-27,226.97366333007812,227.7898720189865,223.84820980142854,224.9530683997657,35934600,225.43368094308036,219.83230539957682
2024-08-28,225.4407958984375,228.79517959293358,224.63453544627717,226.86416416696267,38052200,225.51899937220983,219.76178690592448
2024-08-29,228.7255096435547,231.8410150307569,227.8197366882459,229.03408635152135,51906300,225.9854016985212,219.9565205891927
2024-08-30,227.9391632080078,229.33267166766268,226.42620031745173,229.123652992766,52990800,226.35510907854353,220.12073415120443
2024-09-03,221.738037109375,227.9391727978887,220.1454429272487,227.4912604304481,50190600,226.10484749930245,220.0898422241211
2024-09-04,219.82691955566406,220.75260404502964,216.47252073588626,220.6331648046219,43840200,225.2530975341797,219.96044921875
2024-09-05,221.34983825683594,224.43546851590304,220.49382156548631,220.60331260233696,36615400,224.570561000279,220.0962397257487
2024-09-06,219.79705810546875,224.1965806221913,218.75191919539128,222.91254804497814,48423000,223.54533168247767,220.2150685628255
2024-09-09,219.8866424560547,220.24497537072617,215.7061019102892,219.79706302441255,67180000,222.7518811907087,220.32130686442056
2024-09-10,219.09034729003906,220.45399594379384,215.72600018375593,217.905857501112,51591000,221.37542942592077,220.3917226155599
2024-09-11,221.6285400390625,222.05654079085224,216.88063262193214,220.43410202901993,44587100,220.47391183035714,220.52818654378254
2024-09-12,221.738037109375,222.51442259643306,218.8017058249269,221.46928361366915,37455600,220.47391183035714,220.55959930419922
2024-09-13,221.46926879882812,223.00212806640087,220.8820056188433,222.54426752163744,36766600,220.70853315080916,220.70533548990886
2024-09-16,215.3179168701172,216.21374159471785,212.92902562434276,215.5368837592455,59357400,219.8468300955636,220.5963165283203
2024-09-17,215.78570556640625,215.89519659483264,213.50632075947794,214.75053008791312,45519300,219.2737797328404,220.85384877522787
2024-09-18,219.6676788330078,221.6783256446234,216.53226176931298,216.54222516573412,59894900,219.24249921526228,221.30838724772136
2024-09-19,227.8097686767578,228.75538000957175,223.58941994126667,223.94775287051627,66781300,220.4881308419364,221.94849395751953
2024-09-20,227.1428680419922,232.01021467188832,226.56555305015522,228.90467282845125,318679900,221.27589198521204,222.4507100423177
2024-09-23,225.4208984375,228.3870895913876,224.76395218553373,226.28686337720748,54146000,221.80201503208704,222.79842529296874
2024-09-24,226.31671142578125,228.28755007923567,224.6843092769655,227.59078065470555,43556100,222.4945068359375,223.12490590413412
2024-09-25,225.3213348388672,226.23707111110926,222.9822303399746,223.88800321688734,42308700,223.92356654575892,223.29411773681642
2024-09-26,226.4660186767578,227.44147457763864,224.36579263659118,226.24703661091274,36636700,225.44932556152344,223.48655548095704
2024-09-27,226.73475646972656,228.45675318264773,226.24703611440785,227.40166606122023,34026000,226.4589080810547,223.58841400146486
2024-09-30,231.92063903808594,231.92063903808594,228.58615167195362,228.97434440874213,54541900,227.04617527553015,223.81900736490886
2024-10-01,225.16209411621094,228.5861456381701,222.70353511874544,228.45675818805825,63285000,226.7632075718471,223.82962493896486
2024-10-02,225.7294464111328,226.31670960653594,221.98686997976517,224.84356992020335,32880600,226.80728585379464,223.83858337402344
2024-10-03,224.6245880126953,225.75930638603796,222.28548343692833,224.09704443839323,34044200,226.56555393763952,223.81436258951823
2024-10-04,225.7493438720703,226.94378179124593,223.0917145657714,226.84423896960539,37245100,226.62669808523995,223.88967844645182
2024-10-07,220.6630401611328,224.64451046166124,220.3047072265611,223.4600206171574,39505400,225.7977011544364,223.71880747477215
2024-10-08,224.72413635253906,224.93315503301397,222.2158058701156,223.26094483680066,31855700,225.5104697091239,223.67202555338542
2024-10-09,228.47665405273438,228.68568791487783,223.78848153487698,224.18662246797504,33591100,225.01847185407365,223.7221252441406
2024-10-10,227.97897338867188,228.43684913724616,226.11764095959848,226.72481576308653,28183500,225.42088317871094,223.80673116048177
2024-10-11,226.4958953857422,228.34727968813561,226.28686151162026,228.23778864704394,31759200,225.53037588936942,223.73241068522137
2024-10-14,230.22853088378906,230.65653166515418,227.54104137845857,227.64056902644597,39882100,226.33093915666853,223.80872294108073
2024-10-15,232.76669311523438,236.38983016358188,231.29353829774286,232.527799450427,64751400,227.33341761997767,224.1763448079427
2024-10-16,230.70628356933594,231.0447048824563,228.7752681420796,230.52712470524975,34082200,228.7681666782924,224.53899027506512
2024-10-17,231.07456970214844,232.76670668063704,229.4521309302649,232.348638945834,32993800,229.67537144252233,224.86314798990887
2024-10-18,233.91136169433594,235.0858880500012,232.92594240501305,235.0858880500012,46431500,230.4517582484654,225.33362477620443
2024-10-21,235.38449096679688,235.752787252213,233.36389625282138,233.36389625282138,36254500,231.5096893310547,225.8502197265625
2024-10-22,234.76739501953125,235.12572795126604,231.52250221800776,232.80651969699693,38846600,232.6913321358817,226.37278798421224
2024-10-23,229.6909942626953,234.05070868615385,226.70489182210235,232.99562158724072,52287000,232.61454119001115,226.64153645833332
2024-10-24,229.5019073486328,229.75074924052936,227.35190975750177,228.9146289407981,31109500,232.1481432233538,226.90033213297525
2024-10-25,230.3380126953125,232.13962556438537,228.5065400142299,228.6757506783198,38802300,232.0955330984933,227.19595692952473
2024-10-28,232.31878662109375,233.6426273223557,231.4727332926884,232.23917058038825,36087100,232.27327837262834,227.7626525878906
2024-10-29,232.58753967285156,233.24448591818899,231.24380255804743,232.02018805231754,35417200,232.08416094098772,228.32271372477214
2024-10-30,229.03408813476562,232.38847204702165,228.48663292359964,231.53245531359053,47070900,231.17696053641183,228.63492736816406
2024-10-31,224.8634796142578,228.76531846185907,224.32597264925337,228.27758291037028,64370100,229.76211547851562,228.5367177327474
2024-11-01,221.8773651123047,224.30606415529357,219.2495956140762,219.94634980146594,65276700,228.64588274274553,228.36120096842447
2024-11-04,220.98153686523438,221.75792231303782,218.69220372782075,219.96627293386246,44944500,227.4286869594029,228.21322224934895
2024-11-05,222.41488647460938,222.91257027302564,220.11558975602287,220.77253601507735,28111300,226.29681178501673,228.08316141764323
2024-11-06,221.68824768066406,225.02273483375984,220.16533664224426,221.57875664968802,54561100,224.77816336495536,227.9620585123698
2024-11-07,226.42620849609375,226.82436463330757,223.52970043689453,223.5894200604507,42137700,223.8979731968471,227.96073150634766
2024-11-08,226.15716552734375,227.8511489598711,225.60910803907555,226.366414165256,38328800,223.4869842529297,227.94147847493488
2024-11-11,223.4368133544922,224.90161465065876,220.7164746065314,224.20409384410638,42005600,223.2831747872489,227.65868428548177
2024-11-12,223.4368133544922,224.79200315214243,222.5698957238352,223.75568869738083,40398300,223.5059531075614,227.6011749267578
2024-11-13,224.3236541748047,225.84824072641777,221.97200184604,223.2175800878685,48566200,223.9833984375,227.55431518554687
2024-11-14,227.41270446777344,228.06039910056816,224.20409355692922,224.22402706703753,44923900,224.69737243652344,227.64725240071616
2024-11-15,224.2041015625,226.11730807125568,223.47668806811174,225.59914322363005,47923700,225.05678013392858,227.59574432373046
2024-11-18,227.21340942382812,228.92732633570628,224.3734848929754,224.45320372664565,44633700,225.1692374093192,227.8140899658203
2024-11-19,227.4724884033203,229.34584301691135,225.8582238051146,226.17708394083317,36211800,225.35714067731584,227.90570170084635
2024-11-20,228.18994140625,229.11664435033194,225.0909420304879,227.25326410482543,35169600,226.0361589704241,227.8961446126302
2024-11-21,227.71165466308594,229.3458528412815,224.91159698015457,228.07038183414417,42108300,226.6468505859375,227.88723398844402
2024-11-22,229.05686950683594,229.90386885981255,227.2532745036032,227.2532745036032,38168300,227.3230242047991,227.97259979248048
2024-11-25,232.04624938964844,232.42491005721112,228.92733167542056,230.64124862727573,90152800,227.9849591936384,228.03319040934244
2024-11-26,234.228515625,234.73672132395913,232.50463944229026,232.50463944229026,45986200,229.4170183454241,228.08191782633463
2024-11-27,234.0989532470703,234.85627456038557,232.98291999142185,233.6405889619916,33498400,230.40066746303015,228.19500681559245
2024-11-29,236.490478515625,236.96877632211965,233.14236346053607,233.97938842310504,28481400,231.68895176478796,228.375537109375
2024-12-02,238.74246215820312,239.93821419453454,236.32106542499292,236.43067691527065,48137100,233.19645472935267,228.5365737915039
2024-12-03,241.79165649414062,241.90126799408412,238.05492154808562,238.96170621081686,38861000,235.20788356236048,228.7501459757487
2024-12-04,242.150390625,243.2465056559754,240.3966217802532,242.01088645785893,44383900,237.07838657924108,228.99624582926432
2024-12-05,242.18026733398438,243.6749612569442,241.27349790971317,243.12691898237586,40033900,238.52610342843192,229.4125549316406
2024-12-06,241.98097229003906,243.7646488451358,241.2236661935451,242.0507319698173,36870600,239.63359723772322,229.82852376302083
2024-12-09,245.8771514892578,246.36542364679892,240.89483838917155,240.97455722335047,44649200,241.31619698660714,230.34649505615235
2024-12-10,246.8935546875,247.33200068563022,244.47214254503118,246.0166626912396,36914800,242.80235072544642,230.8323206583659
2024-12-11,245.6180877685547,249.91283942191654,245.38889040813984,247.08288910248365,45205800,243.78458295549666,231.26667226155598
2024-12-12,247.08287048339844,247.8601100871407,244.81092178998352,246.0166482138882,32777500,244.54047066824776,231.86829833984376
2024-12-13,247.2522735595703,248.40815863747187,245.36895982515324,246.9433725816478,33155300,245.2693110874721,232.61459147135417
2024-12-16,250.1519775390625,250.490786396497,246.7739697560149,247.1127786134494,51694800,246.4081268310547,233.55707855224608
2024-12-17,252.58334350585938,252.93211150871377,248.89643481128522,249.1953766416157,51356400,247.9227512904576,234.6104721069336
2024-12-18,247.1725616455078,253.38051965426092,246.86366065893745,251.26802371656945,56774100,248.1078098842076,235.43572794596355
2024-12-19,248.90640258789062,251.1085917693189,246.21595643132494,246.6245097734382,60882300,248.3953595842634,236.34299977620444
2024-12-20,253.58978271484375,254.09797318748596,244.82090844231297,247.1625865233097,147495300,249.53417314801897,237.24845225016276
2024-12-23,254.3670196533203,254.7456651132031,252.55345036958022,253.8687883386418,40858800,250.57476588657923,238.18878072102865
2024-12-24,257.28668212890625,257.2966260773909,254.386956808638,254.58626151312842,23234700,252.0082528250558,239.31710968017578
2024-12-26,258.1037292480469,259.1799258751944,256.7186620602343,257.27667867815336,27237100,253.14421735491072,240.47267354329426
2024-12-27,254.6858673095703,257.78488174803636,252.16481819720389,256.91793375888693,42355300,253.44457789829798,241.48474731445313
2024-12-30,251.30787658691406,252.60328106925755,249.86300878941353,251.33776924994547,35557500,254.03533717564173,242.2812530517578
2024-12-31,249.5341796875,252.38406352835983,248.54767617168994,251.5470385357527,39480700,254.12501961844308,243.1255889892578
2025-01-02,242.98741149902344,248.21884015778812,240.96459363401945,248.04942813526918,55740700,252.61039515904017,243.651389058431
2025-01-03,242.49916076660156,243.31625226562878,241.03435939639962,242.49916076660156,40244100,250.91498674665178,244.15227813720702
2025-01-06,244.1333465576172,246.45510633108967,242.33971076643533,243.4457849039297,45045600,249.0359388078962,244.68372497558593
2025-01-07,241.3532257080078,244.681407317594,240.496267218822,242.12049100282684,40856000,246.64300973074776,245.13844401041666
2025-01-08,241.84149169921875,242.8479287466886,239.2008716539854,241.0642520177986,37628900,244.80809892926897,245.5645980834961
2025-01-10,236.01219177246094,239.3104808095479,232.17580437363205,239.16100228470233,61710900,242.6230010986328,245.69679616292316
2025-01-13,233.5708465576172,233.8398957390806,228.90740850459227,232.7039288898965,49630700,240.342524937221,245.67487386067708
2025-01-14,232.45480346679688,235.28475371553364,231.6476711610837,233.91960476413306,39435300,238.8378666469029,245.6200688680013
2025-01-15,237.028564453125,238.11472029161553,233.60073052224158,233.80999436776753,39832000,238.05635288783483,245.63800506591798
2025-01-16,227.4525604248047,237.1680713225123,227.22337827123218,236.51041752509497,71759100,235.67338344029017,245.261675008138
2025-01-17,229.1664581298828,231.46828423922307,227.6717642713697,231.29888742650238,68488300,233.93241664341517,244.84083506266276
2025-01-21,221.85243225097656,223.62613445935494,218.6039696546368,223.20762199269615,98070400,231.07683672223772,244.16423645019532
2025-01-22,223.03823852539062,223.3272060060417,219.01252087308487,219.01252087308487,64126500,229.2234148297991,243.5261688232422
2025-01-23,222.86883544921875,226.22690964639077,221.51364566438272,223.94501691407203,60234800,227.6945561000279,242.88909759521485
2025-01-24,221.991943359375,224.831867935065,220.6267944226493,223.9848686181573,54697900,226.19986179896765,242.09292399088542
2025-01-27,229.04690551757812,231.32879829775732,223.18770026542342,223.2275672861503,94863400,225.05962480817522,241.49803568522137
2025-01-28,237.4171905517578,239.3403714135585,229.99354669273774,230.03341371427896,75707600,226.48314339773995,241.22467244466145
2025-01-29,238.5133056640625,239.01153699982427,233.1822242894862,233.2918357915463,45486100,227.8184073311942,240.93902028401692
2025-01-30,236.7495574951172,239.93823493591583,236.37091202718113,237.82573898228924,55658300,229.94656808035714,240.58892974853515
2025-01-31,235.16519165039062,246.31561143302469,232.61424963135997,246.31561143302469,100959800,231.67898995535714,240.08937021891276
2025-02-03,227.2034454345703,231.00994009075862,224.90161912474946,229.1764524471141,73063300,232.29821995326452,239.24337361653645
2025-02-04,231.97650146484375,232.3053359547129,225.84824721606736,226.44613087124998,45067300,233.7245853969029,238.736838277181
2025-02-05,231.64767456054688,231.84696405052938,227.46253445166022,227.72160926815613,39620300,234.09612383161272,238.1615473429362
2025-02-06,232.39501953125,232.9729696905443,229.61488023403817,230.47183871784506,29925300,233.37867082868303,237.4550552368164
2025-02-07,226.82479858398438,233.17226081850333,226.45609706307513,231.77721918612997,39707200,231.7088841029576,236.53698120117187
2025-02-10,227.0941162109375,230.02693972945139,226.64521806905947,229.0094413336025,33115600,230.32953534807478,235.5305623372396
2025-02-11,232.052001953125,234.6556296697615,227.57297502290857,227.64279618723114,53718400,229.8847939627511,234.66217142740885
2025-02-12,236.29161071777344,236.38140252594314,230.11672290007743,230.63545743654387,45243300,231.18310328892298,234.0490295410156
2025-02-13,240.94024658203125,241.74826634141837,234.99480784534867,236.33153226758247,53614100,232.46363830566406,233.7034418741862
2025-02-14,244.00274658203125,244.9504238462646,240.40156080072015,240.66092045804314,40896200,234.22864859444755,233.51906077067056
2025-02-18,243.87306213378906,244.58131995427482,241.2494791133952,243.55383619329416,48822500,235.86836896623885,233.5485824584961
2025-02-19,244.27207946777344,245.40929524371262,242.56626341463,244.06260076305156,32204200,238.36083766392298,233.60767974853516
2025-02-20,245.229736328125,246.1774135823035,243.69348816231408,244.34191013103748,32316900,240.95164053780692,233.64422607421875
2025-02-21,244.95042419433594,248.08275639920348,244.6212281548445,245.34944139409683,53197400,242.79427228655135,233.76413269042968
2025-02-24,246.49664306640625,248.25234005966587,243.82317911276243,244.3319283268952,51326400,244.25213405064173,233.91930440266927
2025-02-25,246.43678283691406,249.38956194785018,244.3119941197594,247.3944454522674,48013300,245.037353515625,234.26679077148438
2025-02-26,239.77308654785156,244.3818005030484,238.5460942392985,243.7333937698084,44433600,244.43311636788505,234.4735321044922
2025-02-27,236.72056579589844,241.86796980219768,236.48114634623442,238.82541422357912,41153600,243.4113311767578,234.6157241821289
2025-02-28,241.24948120117188,241.49887076126774,229.63790389196947,236.37142201455794,56833400,242.97953142438615,234.7564214070638
2025-03-03,237.4487762451172,243.43412542285543,235.53346633482454,241.19958958341564,47184000,241.8679656982422,235.08962860107422
2025-03-04,235.35391235351562,239.4838181516717,234.10696453181083,237.1295800554318,53798100,240.49703543526786,235.2958770751953
2025-03-05,235.1643829345703,235.97240266650644,228.67026910680244,234.84515699420854,47227600,238.87814113071985,235.73960876464844
2025-03-06,234.75538635253906,237.27920752401755,232.59068676229822,233.86756011302523,45170400,237.20937020438058,236.13018035888672
2025-03-07,238.4862518310547,240.78062356819368,234.1867631010968,234.53591456798168,46273600,237.0255366734096,236.65076090494793
2025-03-10,226.92454528808594,235.583358769024,223.6725108894593,234.96486230654432,72071200,235.62610517229353,236.81518096923827
2025-03-11,220.30076599121094,225.2885573705892,216.91904404485373,223.26351528828414,76137400,232.63343157087053,236.52364298502604
2025-03-12,216.45018005371094,221.20853706339403,214.38524243690583,219.60246770742089,62547500,229.63363211495536,235.82474263509116
2025-03-13,209.1680145263672,216.31053552178076,207.9110965632093,215.4227092543014,61368300,225.89278956821985,234.84656626383463
2025-03-14,212.96871948242188,213.42758776028128,209.06826301296118,210.7341834889886,60107600,222.72198050362724,234.05387166341146
2025-03-17,213.4774627685547,214.69448503570536,209.4573042902151,212.78914514941675,48073400,219.6822771344866,233.33094736735026
2025-03-18,212.170654296875,214.62463892519543,210.97358751075308,213.63706605687162,42432400,215.92290605817522,232.8298543294271
2025-03-19,214.7144317626953,218.22582565599035,213.22806456968678,213.6969181399133,54385400,214.17860412597656,232.25445200602215
2025-03-20,213.5772247314453,216.9589465476154,211.70181037410745,213.46749271646212,48862900,213.21809823172433,231.65210367838543
2025-03-21,217.73703002929688,218.30563028145062,210.764092813104,211.04340788811464,94127800,213.40193394252233,231.16350402832032
2025-03-24,220.19102478027344,220.93919345594836,218.04628066528426,220.460369765545,44299500,214.97664969308036,230.94237823486327
2025-03-25,223.2036590576172,223.55281053469957,219.54262209652958,220.23093972638688,34493600,216.43878391810827,230.8126963297526
2025-03-26,220.9890594482422,224.47054292972726,219.93165022699972,222.96422035625233,34466100,217.5118691580636,230.44393157958984
2025-03-27,223.30340576171875,224.4406214835582,220.0214308095873,220.84940592957574,37094800,219.10226222446985,230.01099141438803
2025-03-28,217.36793518066406,223.26350805320467,217.1484711493609,221.12873402087155,39818600,219.48133414132255,229.22524770100912
2025-03-31,221.58761596679688,225.06908447075043,215.7020132379398,216.48010744476517,65299300,220.62567574637276,228.4780766805013
2025-04-01,222.64501953125,223.13381331282267,218.36548628233527,219.27326790744206,36412700,221.32681710379464,227.77047526041667
2025-04-02,223.3433074951172,224.6401362151353,220.4803202973195,220.77959080525144,35905900,221.77714320591517,227.0728495279948
2025-04-03,202.69386291503906,206.9833664271943,200.75859747782033,205.03811566571247,103419000,218.847172328404,225.6549870808919
2025-04-04,187.92002868652344,199.39194860307396,186.88255957870848,193.4165691841804,125910900,214.1230250767299,223.75397389729818
2025-04-07,181.0169219970703,193.6759230716255,174.19361217758157,176.76731422169505,160466300,208.08209882463728,221.57131652832032
2025-04-08,171.99899291992188,189.87523506652792,168.79683943762106,186.244123618335,120859500,201.60082135881697,219.09005686442057
2025-04-09,198.3644561767578,200.1201531468693,171.47028013366514,171.53013119082922,184395900,198.2832271030971,217.70976918538412
2025-04-10,189.95504760742188,194.30440235729913,182.55316692796467,188.6083530498886,121880000,193.6132311139788,216.15091857910156
2025-04-11,197.66615295410156,199.05275825525484,185.60567786476867,185.64558871717136,87435900,189.94506617954798,214.6981409708659
2025-04-14,202.02549743652344,212.42005238891582,200.66881763194172,210.9237150406947,101352900,189.8495853969029,213.51736501057943
2025-04-15,201.64642333984375,203.01307326666696,199.31214069618733,201.36710824854455,51343900,191.8104989188058,212.39378204345704
2025-04-16,193.79563903808594,200.2099310657198,191.9002692932641,197.8756484915953,59732400,193.63602992466517,211.01482391357422
2025-04-17,196.4990234375,198.34451232255947,193.9452767059697,196.71848747425943,52164700,197.1360342843192,209.73961181640624
2025-04-21,192.68833923339844,193.32677585155812,189.3465132845993,192.79807124065385,46742500,196.32516043526786,208.2130147298177
2025-04-22,199.25228881835938,201.097762433896,195.49148998245192,195.64111763020085,52976400,197.65333775111608,207.2906061808268
2025-04-23,204.10043334960938,207.4921254657249,202.30482537338813,205.49700887470834,52929200,198.57252066476005,206.75059509277344
2025-04-24,207.8612060546875,208.32008954356945,202.44447210591895,204.38970763388747,47311000,199.40619332449776,206.46429595947265
2025-04-25,208.76898193359375,209.2378355121778,205.69650080604464,205.86608387594285,38222300,200.4237016950335,206.45099487304688
2025-04-28,209.62689208984375,210.98357193193158,206.95344326011445,209.48723454234343,38743100,202.68530927385603,206.3396006266276
2025-04-29,210.69427490234375,211.72175863443914,207.86119803545407,208.18042396697467,36827600,204.71320234026228,206.2468276977539
2025-04-30,211.9811248779297,213.0584895980106,206.16535854293033,208.78894157113288,52286500,207.4693145751953,206.24051005045573
2025-05-01,212.79913330078125,214.0360957896086,208.3899124386699,208.56948083895412,57365700,209.40457807268416,206.17666676839193
2025-05-02,204.8485870361328,206.48458191182934,201.66637387157866,205.58677037884885,101010600,209.51145717075892,205.88571217854818
2025-05-05,198.40435791015625,203.60164304236298,197.72602561272546,202.6040848015313,69018500,208.16047886439733,205.2412897745768
2025-05-06,198.0252685546875,200.16004244803628,196.53891661034845,197.72601327833053,51216500,206.62566266741072,204.50243123372397
2025-05-07,195.7707977294922,198.95301083885846,192.77812311451905,198.6836658614824,68536700,204.64622061593192,203.58800252278647
2025-05-08,197.00778198242188,199.56152863729463,194.20463054641704,197.2372161152265,50478900,202.69100734165735,202.78862660725912
2025-05-09,198.0452423095703,200.0503289543839,197.05765414160055,198.51409591462888,36453900,200.7001669747489,201.94668782552083
2025-05-12,210.55104064941406,211.03050749278242,206.5156271207593,210.7308445260501,63775800,200.37901088169642,201.7194580078125
2025-05-13,212.68861389160156,213.1580823159532,208.76307628033234,210.19144790738707,51909300,201.49901471819197,201.42282460530598
2025-05-14,212.08929443359375,213.69746987061376,210.34127831689767,212.18917192393894,49325800,203.4540056501116,201.0709671020508
2025-05-15,211.21029663085938,212.71859464512332,209.30245815432872,210.71086343228015,45029500,205.33758108956474,200.66653340657552
2025-05-16,211.0205078125,212.32903558469047,209.53220664773164,212.11926693678467,54737900,207.51611110142298,200.9440882364909
2025-05-19,208.54331970214844,209.24252311349682,204.02843943795537,207.67431083672193,46140500,209.16404506138392,201.63153127034505
2025-05-20,206.62550354003906,208.2336790492342,204.79757620413463,207.4345828831543,42496600,210.3897966657366,202.4851506551107
2025-05-21,201.86090087890625,206.80528635778637,200.4824756537251,204.93741112479617,59211800,209.14834812709265,203.4805475870768
2025-05-22,201.13172912597656,202.52015274475195,199.4736073247078,200.48247209416806,46742400,207.4973645891462,203.57279001871746
2025-05-23,195.04864501953125,197.4758830409797,193.24069928507132,193.45045269257122,78432900,205.06298610142298,203.7425765991211
2025-05-27,199.98304748535156,200.51244545494848,197.20618488735448,198.07520901450675,56288500,203.45909336635046,203.81980641682944
2025-05-28,200.1927947998047,202.50017366149785,199.67338002302156,200.36260025266836,45339700,201.9122772216797,203.7587163289388
2025-05-29,199.72332763671875,203.57895243464628,198.28495762525483,203.3492174371598,51396800,200.65227835518974,203.69461313883463
2025-05-30,200.622314453125,201.73105672211125,196.55692105301176,199.14398126681596,70819900,199.79467991420202,203.92216898600262
2025-06-02,201.47134399414062,201.9008644592711,199.89313329888972,200.05295557621693,35423300,199.73902893066406,204.0879130045573
2025-06-03,203.03956604003906,203.5389992121068,200.7321872237246,201.1217444882778,46381600,200.01157706124442,204.43295389811198
2025-06-04,202.590087890625,206.00620910456834,201.8709028727957,202.67998220748078,43604000,201.08892604282923,204.5442138671875
2025-06-05,200.40257263183594,204.5178973620389,199.92310578136215,203.26931435006063,55126100,201.14885820661272,204.42095184326172
2025-06-06,203.68882751464844,205.4668084267123,201.82095228760733,202.76987228695742,46607700,201.6482914515904,204.28187255859376
2025-06-09,201.2216339111328,205.76647909477697,199.79326227022588,204.15830357568726,72862600,201.86233520507812,204.0302942911784
2025-06-10,202.44024658203125,204.11835001917973,200.34263633745982,200.3726011094186,54672600,202.12203979492188,203.79073944091797
2025-06-11,198.55465698242188,204.26817387189894,198.18508130061548,203.26930749599725,60989900,201.7053702218192,203.3860855102539
2025-06-12,198.97418212890625,199.45363372918547,197.13627162659284,198.85432303920933,43904600,201.12460109165735,202.95252075195313
2025-06-13,196.227294921875,200.1428492549886,195.47814514596445,199.50357538920457,51447300,200.21563066755022,202.4001261393229
2025-06-16,198.195068359375,198.46476655376847,196.33717625414866,197.07634287373045,43020700,199.9002729143415,202.178342183431
2025-06-17,195.418212890625,198.16509536417735,194.98870767431248,196.97644196425614,38856200,198.71875653948103,202.07880401611328
2025-06-18,196.35714721679688,197.3460303816964,194.84886452825484,195.71787336797544,45394700,198.0238298688616,202.02319997151693
2025-06-20,200.7721405029297,201.47134391409438,196.6368343380514,198.01527480684123,96813500,197.78552900041853,202.18991139729818
2025-06-23,201.27157592773438,202.07067208145295,198.73446202428119,201.40143343464243,55814300,198.1736602783203,202.33203786214193
2025-06-24,200.07293701171875,203.2093768046809,199.9730442780961,202.36033429336192,54064000,198.33062526157923,202.39962768554688
2025-06-25,201.33151245117188,203.43912119943792,200.39257558111612,201.2216365357081,39525700,199.05979919433594,202.0923100789388
2025-06-26,200.7721405029297,202.41028074115465,199.23389299836737,201.20164572639828,50799100,199.4279523577009,201.6950942993164
2025-06-27,200.85205078125,202.98962419564972,199.77327327657756,201.66113009938155,73188600,200.20421491350447,201.32051951090494
2025-06-30,204.93740844726562,207.15489297707504,199.0341046248948,201.78098710410558,91912800,201.42996651785714,201.11142323811848
2025-07-01,207.58441162109375,209.95171998702364,205.90630823197938,206.4357061767528,78788900,202.4031481061663,200.99688669840495
2025-07-02,212.1991729736328,213.09814660534315,207.9040445567577,208.6731759252599,67941800,203.9642333984375,201.1187484741211
2025-07-03,213.30792236328125,214.40666625629999,211.56988934364432,211.90950026104147,34955800,205.85494559151786,201.34149576822918
2025-07-07,209.7119903564453,215.9848699115094,208.56330013289198,212.43889126622693,50229000,207.05215672084265,201.6031987508138
2025-07-08,209.7719268798828,211.1903153368944,208.213697736729,209.86183643928914,42848900,208.3378404889788,201.89120534261068
2025-07-09,210.90065002441406,211.09043707809712,206.98509558510867,209.2924745188519,48749400,209.77335466657365,202.41960550944012
2025-07-10,212.16920471191406,213.23798377907798,209.7918979255535,210.27134950514616,44443600,210.8064684186663,202.82581075032553
2025-07-11,210.92062377929688,211.88952536572023,209.6220944658076,210.33129628612954,39765800,211.28307015555245,203.18340504964192
2025-07-14,208.3834991455078,210.67091168904602,207.3047216270235,209.69201166358403,38840100,210.73797389439173,203.47207743326823
2025-07-15,208.87295532226562,211.64980271899068,208.6831682659836,208.9828312368767,42296300,210.10440717424666,203.74709879557292
2025-07-16,209.92176818847656,212.1592191902425,208.40348697906978,210.06160887608695,47490500,210.1343754359654,204.02877960205078
2025-07-17,209.78192138671875,211.5599023237274,209.35240091776063,210.33130094399476,48068100,210.13580322265625,204.25352478027344
2025-07-18,210.9405975341797,211.54990664350106,209.46227954032304,210.63095139102305,48974600,210.14151000976562,204.53187510172526
2025-07-21,212.23912048339844,215.53538252867688,211.39009321998003,211.8595616297783,51377400,210.15149797712053,204.92642669677736
2025-07-22,214.15695190429688,214.7063314773177,211.9894136266437,212.89838571641525,46404100,210.61383056640625,205.2753641764323
2025-07-23,213.9072265625,214.90609293027538,212.1692088371252,214.75626907170553,46989300,211.40293448311942,205.6982172648112
2025-07-24,213.51766967773438,215.44548969662856,213.28793468034502,213.65751035981805,46022600,212.06646510532923,206.06746470133464
2025-07-25,213.63754272460938,214.9960015887686,213.15807589620647,214.45660521718813,40268800,212.5972900390625,206.57022755940756
2025-07-28,213.80735778808594,214.60645396318566,212.81847455673218,213.78737619229818,37858000,213.17235238211495,207.06466674804688
2025-07-29,211.03050231933594,214.5664825639156,210.58101550100253,213.93719187335407,51411700,213.18519592285156,207.5581069946289
2025-07-30,208.81301879882812,212.14922883427738,207.48452469073794,211.65977882345743,45512500,212.6957528250558,207.91203867594402
2025-07-31,207.33470153808594,209.60211724381097,206.92516266487007,208.25365677749065,80698400,211.7211456298828,208.30925496419272
2025-08-01,202.1505889892578,213.33788973606855,201.27158167093614,210.63095505795985,104434500,210.0416259765625,208.50236968994142
2025-08-04,203.11949157714844,207.64435521756303,201.4513712516652,204.27816503495924,75109300,208.55617196219308,208.5806147257487
2025-08-05,202.68995666503906,205.1072113881769,201.93082373064988,203.1694082424696,44155100,206.99223109654017,208.62789408365884
2025-08-06,213.0082550048828,215.1358452662651,205.35693489516686,205.39689808550258,108483100,206.8780735560826,209.05907135009767
2025-08-07,219.7805633544922,220.59964108330854,216.33447747046458,218.63187314031333,90224800,208.12808227539062,209.67403971354167
2025-08-08,229.0900115966797,230.73813503605493,219.00145500716468,220.57966572513484,113854000,211.02479553222656,210.61796875
2025-08-11,227.17999267578125,229.55999755859375,224.75999450683594,227.9199981689453,61806100,213.8598371233259,211.49556681315104
2025-08-12,229.64999389648438,230.8000030517578,227.07000732421875,228.00999450683594,55626200,217.78832353864397,212.31931966145834
2025-08-13,233.3300018310547,235.0,230.42999267578125,231.07000732421875,69878500,222.10411071777344,213.17750600179036
2025-08-14,232.77999877929688,235.1199951171875,230.85000610351562,234.05999755859375,51916300,226.4026881626674,213.86353352864583
2025-08-15,231.58999633789062,234.27999877929688,229.33999633789062,234.0,56038700,229.0572226388114,214.47293599446616
2025-08-18,230.88999938964844,233.1199951171875,230.11000061035156,231.6999969482422,37476200,230.64428492954798,215.17886962890626
2025-08-19,230.55999755859375,232.8699951171875,229.35000610351562,231.27999877929688,39402600,230.85428292410714,215.8718053181966
2025-08-20,226.00999450683594,230.47000122070312,225.77000427246094,229.97999572753906,42263900,230.68714032854353,216.37545013427734
2025-08-21,224.89999389648438,226.52000427246094,223.77999877929688,226.27000427246094,30621200,230.0085688999721,216.79980977376303
2025-08-22,227.75999450683594,229.08999633789062,225.41000366210938,226.1699981689453,42477800,229.21285356794084,217.36112213134766
2025-08-25,227.16000366210938,229.3000030517578,226.22999572753906,226.47999572753906,30983100,228.40999712262834,217.98700561523438
2025-08-26,229.30999755859375,229.49000549316406,224.69000244140625,226.8699951171875,54575100,228.08428301130022,218.66824035644532
2025-08-27,230.49000549316406,230.89999389648438,228.25999450683594,228.61000061035156,31259500,228.02714102608817,219.35384826660157
2025-08-28,232.55999755859375,233.41000366210938,229.33999633789062,230.82000732421875,38074700,228.31285531180245,220.11311747233074
2025-08-29,232.13999938964844,233.3800048828125,231.3699951171875,232.50999450683594,39418400,229.1885702950614,220.81976420084635
2025-09-02,229.72000122070312,230.85000610351562,226.97000122070312,229.25,44075600,229.87714276994978,221.40246022542317
2025-09-03,238.47000122070312,238.85000610351562,234.36000061035156,237.2100067138672,66427800,231.40714372907365,222.21289520263673
2025-09-04,239.77999877929688,239.89999389648438,236.74000549316406,238.4499969482422,47549400,233.21000017438615,223.0753209431966
2025-09-05,239.69000244140625,241.32000732421875,238.49000549316406,240.0,54870400,234.69285801478796,223.947732035319
2025-09-08,237.8800048828125,240.14999389648438,236.33999633789062,239.3000030517578,48999500,235.74857221330916,224.7558141072591
2025-09-09,234.35000610351562,238.77999877929688,233.36000061035156,237.0,66313900,236.00428771972656,225.44056905110676
2025-09-10,226.7899932861328,232.4199981689453,225.9499969482422,232.19000244140625,83440800,235.24000113351005,225.96588541666668
2025-09-11,230.02999877929688,230.4499969482422,226.64999389648438,226.8800048828125,50208600,235.28428649902344,226.6731180826823
2025-09-12,234.07000732421875,234.50999450683594,229.02000427246094,229.22000122070312,55824200,234.6557159423828,227.56429494222004
2025-09-15,236.6999969482422,238.19000244140625,235.02999877929688,237.0,42699500,234.21571568080358,228.7159418741862
2025-09-16,238.14999389648438,241.22000122070312,236.32000732421875,237.17999267578125,63421100,233.99571446010046,229.88362528483074
2025-09-17,238.99000549316406,240.10000610351562,237.72999572753906,238.97000122070312,46508000,234.15428597586495,231.0936269124349
2025-09-18,237.8800048828125,241.1999969482422,236.64999389648438,239.97000122070312,44249600,234.65857151576452,231.9226852416992
2025-09-19,245.5,246.3000030517578,240.2100067138672,241.22999572753906,163741300,237.33142961774553,232.77999979654948
2025-09-22,256.0799865722656,256.6400146484375,248.1199951171875,248.3000030517578,105517400,241.0528564453125,233.679665629069
2025-09-23,254.42999267578125,257.3399963378906,253.5800018310547,255.8800048828125,60275200,243.96142578125,234.58799896240234
2025-09-24,252.30999755859375,255.74000549316406,251.0399932861328,255.22000122070312,42303700,246.19142586844308,235.34333241780598
2025-09-25,256.8699951171875,257.1700134277344,251.7100067138672,253.2100067138672,55202100,248.86571175711495,236.12799886067708
2025-09-26,255.4600067138672,257.6000061035156,253.77999877929688,254.10000610351562,46076300,251.21856907435827,236.88399912516277
2025-09-29,254.42999267578125,255.0,253.00999450683594,254.55999755859375,40127700,253.58285304478235,237.64533233642578
2025-09-30,254.6300048828125,255.9199981689453,253.11000061035156,254.86000061035156,37704300,254.88713945661272,238.4366658528646
2025-10-01,255.4499969482422,258.7900085449219,254.92999267578125,255.0399932861328,48713900,254.7971409388951,239.2663324991862
2025-10-02,257.1300048828125,258.17999267578125,254.14999389648438,256.5799865722656,42630200,255.182856968471,240.3036661783854
2025-10-03,258.0199890136719,259.239990234375,253.9499969482422,254.6699981689453,49155600,255.99857003348214,241.407666015625
2025-10-06,256.69000244140625,259.07000732421875,255.0500030517578,257.989990234375,44664100,255.97285679408483,242.37199961344402
2025-10-07,256.4800109863281,257.3999938964844,255.42999267578125,256.80999755859375,31955800,256.11857169015065,243.34933319091797
2025-10-08,258.05999755859375,258.5199890136719,256.1099853515625,256.5199890136719,36496900,256.63714381626676,244.3076665242513
2025-10-09,254.0399932861328,258.0,253.13999938964844,257.80999755859375,38322000,256.5528564453125,245.09266611735026
2025-10-10,245.27000427246094,256.3800048828125,244.0,254.94000244140625,61999100,255.09857177734375,245.5163330078125
2025-10-13,247.66000366210938,249.69000244140625,245.55999755859375,249.3800048828125,38142900,253.74571446010046,246.0336664835612
2025-10-14,247.77000427246094,248.85000610351562,244.6999969482422,246.60000610351562,35478000,252.28143092564173,246.6353332519531
2025-10-15,249.33999633789062,251.82000732421875,247.47000122070312,249.49000549316406,33893600,251.23143005371094,246.99766642252604
2025-10-16,247.4499969482422,249.0399932861328,245.1300048828125,248.25,39777000,249.9414280482701,247.25333302815756
2025-10-17,252.2899932861328,253.3800048828125,247.27000427246094,248.02000427246094,49147000,249.1171417236328,247.67333272298177
2025-10-20,262.239990234375,264.3800048828125,255.6300048828125,255.88999938964844,90483000,250.288569859096,248.4853322347005
2025-10-21,262.7699890136719,265.2900085449219,261.8299865722656,261.8800048828125,46695900,252.78856767926897,249.4326649983724
2025-10-22,258.45001220703125,262.8500061035156,255.42999267578125,262.6499938964844,45015300,254.32999747140067,250.48799896240234
2025-10-23,259.5799865722656,260.6199951171875,258.010009765625,259.94000244140625,32754900,256.0171377999442,251.4729985555013
2025-10-24,262.82000732421875,264.1300048828125,259.17999267578125,261.19000244140625,38253700,257.94285365513394,252.43133188883465
2025-10-27,268.80999755859375,269.1199951171875,264.6499938964844,264.8800048828125,44888200,260.9942823137556,253.501665242513
2025-10-28,269.0,269.8900146484375,268.1499938964844,268.989990234375,41534800,263.3814261300223,254.52999877929688
2025-10-29,269.70001220703125,271.4100036621094,267.1099853515625,269.2799987792969,51086700,264.4471435546875,255.5536656697591
2025-10-30,271.3999938964844,274.1400146484375,268.4800109863281,271.989990234375,69886500,265.6800013950893,256.6709986368815
2025-10-31,270.3699951171875,277.32000732421875,269.1600036621094,276.989990234375,86167100,267.3828560965402,257.49999847412107
2025-11-03,269.04998779296875,270.8500061035156,266.25,270.4200134277344,50194600,268.73571341378346,257.93233184814454
